3dc369,192.168.22.1,GET,http://192.168.22.10/light-cms/public/home?p=home,1453422806,,500
adde34,192.168.22.1,GET,http://192.168.22.10/light-cms/public/home?p=home,1453423059,,500
bc93eb,192.168.22.1,GET,http://192.168.22.10/light-cms/public/home?p=home,1453423127,,500
4baf97,192.168.22.1,GET,http://192.168.22.10/light-cms/public/home?p=home,1453423135,,500
2d87dd,192.168.22.1,GET,http://192.168.22.10/light-cms/public/home?p=home,1453423144,,500
457b90,192.168.22.1,GET,http://192.168.22.10/light-cms/public/home?p=home,1453423426,,500
73c654,192.168.22.1,GET,http://192.168.22.10/light-cms/public/home?p=home,1453423516,,500
e9c56c,192.168.22.1,GET,http://192.168.22.10/light-cms/public/home?p=home,1453423553,,500
843014,192.168.22.1,GET,http://192.168.22.10/light-cms/public/home?p=home,1453423568,,200
b9c2d9,192.168.22.1,GET,http://192.168.22.10/light-cms/public/css/style.css?p=css%2Fstyle.css,1453423569,,404
f7724e,192.168.22.1,GET,http://192.168.22.10/light-cms/public/home?p=home,1453507242,,200
3c2a6e,192.168.22.1,GET,http://192.168.22.10/light-cms/public/css/style.css?p=css%2Fstyle.css,1453507244,,404
c78b95,192.168.22.1,GET,http://192.168.22.10/light-cms/public/home?p=home,1453508347,,200
f72180,192.168.22.1,GET,http://192.168.22.10/light-cms/public/css/style.css?p=css%2Fstyle.css,1453508349,,404
78275c,192.168.22.1,GET,http://192.168.22.10/light-cms/public/home?p=home,1453511016,,200
b74e33,192.168.22.1,GET,http://192.168.22.10/light-cms/public/css/style.css?p=css%2Fstyle.css,1453511019,,404
256304,192.168.22.1,GET,http://192.168.22.10/light-cms/public/home?p=light-cms%2Fpublic%2Fhome,1453511743,,404
aae593,192.168.22.1,GET,http://192.168.22.10/,1453511754,,404
d9d865,192.168.22.1,GET,http://192.168.22.10/home?p=home,1453511769,,200
6e635f,192.168.22.1,GET,http://192.168.22.10/css/style.css?p=css%2Fstyle.css,1453511770,,404
